{
	"info": {
		"_postman_id": "f9e32949-9a11-4256-899b-aa004d9dac38",
		"name": "Simulacro",
		"schema": "https://schema.getpostman.com/json/collection/v2.1.0/collection.json",
		"_exporter_id": "34991765"
	},
	"item": [
		{
			"name": "Books",
			"item": [
				{
					"name": "Listar",
					"request": {
						"method": "GET",
						"header": [],
						"url": {
							"raw": "http://localhost:5113/api/books",
							"protocol": "http",
							"host": [
								"localhost"
							],
							"port": "5113",
							"path": [
								"api",
								"books"
							]
						},
						"description": "Esta petición lista o trae todos los libros de la base de datos incluyendo los autores y las editoriales a los cuales pertenecen."
					},
					"response": []
				},
				{
					"name": "Listar por Id",
					"protocolProfileBehavior": {
						"disableBodyPruning": true
					},
					"request": {
						"method": "GET",
						"header": [],
						"body": {
							"mode": "raw",
							"raw": "",
							"options": {
								"raw": {
									"language": "json"
								}
							}
						},
						"url": {
							"raw": "http://localhost:5113/api/books/10",
							"protocol": "http",
							"host": [
								"localhost"
							],
							"port": "5113",
							"path": [
								"api",
								"books",
								"10"
							]
						},
						"description": "Esta petición trae el libro especificado por id solo trae un resultado del id al cual hace referencia, incluye los autores y las editoriales a las cuales pertenecen."
					},
					"response": []
				},
				{
					"name": "Crear",
					"request": {
						"method": "POST",
						"header": [],
						"body": {
							"mode": "raw",
							"raw": "{\n    \"title\": \"El Hombre Alfa\",\n    \"pages\": \"520\",\n    \"language\": \"Español\",\n    \"publicationDate\": \"2005-07-21\",\n    \"description\": \"Libro de autosuperación y estoicismo\",\n    \"authorId\": 6,\n    \"editorialId\": 3\n}",
							"options": {
								"raw": {
									"language": "json"
								}
							}
						},
						"url": {
							"raw": "http://localhost:5113/api/books/create",
							"protocol": "http",
							"host": [
								"localhost"
							],
							"port": "5113",
							"path": [
								"api",
								"books",
								"create"
							]
						},
						"description": "Esta petición crea un nuevo libro en la base de datos y retorna un mensaje satisfactorio en caso de éxito en la petición de lo contrario retorna el mensaje de error."
					},
					"response": []
				},
				{
					"name": "Eliminar",
					"request": {
						"method": "DELETE",
						"header": [],
						"url": {
							"raw": "http://localhost:5113/api/books/12/delete",
							"protocol": "http",
							"host": [
								"localhost"
							],
							"port": "5113",
							"path": [
								"api",
								"books",
								"12",
								"delete"
							]
						},
						"description": "Esta petición cambia el estado de un libro espicificando el Id en la ruta, cambia el estado en true o false en la base de datos y retorna un mensaje satisfactorio en caso de éxito de lo contrario retorna el mensaje de error."
					},
					"response": []
				},
				{
					"name": "Actualizar",
					"request": {
						"method": "PUT",
						"header": [],
						"body": {
							"mode": "raw",
							"raw": "{\n    \"id\": 10,\n    \"title\": \"Libro actualizado\",\n    \"pages\": \"620\",\n    \"language\": \"Ingles\",\n    \"publicationDate\": \"2005-07-21\",\n    \"description\": \"actualizado\",\n    \"authorId\": 2,\n    \"editorialId\": 1\n    }",
							"options": {
								"raw": {
									"language": "json"
								}
							}
						},
						"url": {
							"raw": "http://localhost:5113/api/books/10/update",
							"protocol": "http",
							"host": [
								"localhost"
							],
							"port": "5113",
							"path": [
								"api",
								"books",
								"10",
								"update"
							]
						},
						"description": "Esta petición actualiza el registro en la base de datos pasandole el objeto en formato json por medio del cuerpo de la petición y retorna un mensaje satisfactorio en caso de éxito de lo contrario retorna el mensaje de error."
					},
					"response": []
				}
			],
			"description": "Esta es la carpeta que contiene todas las peticiones relacionadas con la entidad Books."
		},
		{
			"name": "Authors",
			"item": [
				{
					"name": "Listar",
					"request": {
						"method": "GET",
						"header": [],
						"url": {
							"raw": "http://localhost:5113/api/authors",
							"protocol": "http",
							"host": [
								"localhost"
							],
							"port": "5113",
							"path": [
								"api",
								"authors"
							]
						},
						"description": "Esta petición lista o trae todos los Autores de la base de datos."
					},
					"response": []
				},
				{
					"name": "Listar por Id",
					"request": {
						"method": "GET",
						"header": [],
						"url": {
							"raw": "http://localhost:5113/api/authors/1",
							"protocol": "http",
							"host": [
								"localhost"
							],
							"port": "5113",
							"path": [
								"api",
								"authors",
								"1"
							]
						},
						"description": "Esta petición trae el autor especificado por id solo trae un resultado del id al cual hace referencia,"
					},
					"response": []
				},
				{
					"name": "Crear",
					"request": {
						"method": "POST",
						"header": [],
						"body": {
							"mode": "raw",
							"raw": "  {\n        \"name\": \"jjbss\",\n        \"lastName\": \"Risslsnxsx\",\n        \"email\": \"walter@gmail.com\",\n        \"nationality\": \"Perú\"\n    }",
							"options": {
								"raw": {
									"language": "json"
								}
							}
						},
						"url": {
							"raw": "http://localhost:5113/api/authors/create",
							"protocol": "http",
							"host": [
								"localhost"
							],
							"port": "5113",
							"path": [
								"api",
								"authors",
								"create"
							]
						},
						"description": "Esta petición crea un nuevo autor en la base de datos y retorna un mensaje satisfactorio en caso de éxito en la petición de lo contrario retorna el mensaje de error."
					},
					"response": []
				},
				{
					"name": "Eliminar",
					"request": {
						"method": "DELETE",
						"header": [],
						"url": {
							"raw": "http://localhost:5113/api/authors/8/delete",
							"protocol": "http",
							"host": [
								"localhost"
							],
							"port": "5113",
							"path": [
								"api",
								"authors",
								"8",
								"delete"
							]
						},
						"description": "Esta petición cambia el estado de un autor espicificando el Id en la ruta, cambia el estado en true o false en la base de datos y retorna un mensaje satisfactorio en caso de éxito de lo contrario retorna el mensaje de error."
					},
					"response": []
				},
				{
					"name": "Actualizar",
					"request": {
						"method": "PUT",
						"header": [],
						"body": {
							"mode": "raw",
							"raw": "{\r\n        \"id\": 5,\r\n        \"name\": \"Daniel augusto\",\r\n        \"lastName\": \"Torres\",\r\n        \"email\": \"daniel@gmail.com\",\r\n        \"nationality\": \"Ecuador\"\r\n    }",
							"options": {
								"raw": {
									"language": "json"
								}
							}
						},
						"url": {
							"raw": "http://localhost:5113/api/authors/5/delete",
							"protocol": "http",
							"host": [
								"localhost"
							],
							"port": "5113",
							"path": [
								"api",
								"authors",
								"5",
								"delete"
							]
						},
						"description": "Esta petición actualiza el registro en la base de datos pasandole el objeto en formato json por medio del cuerpo de la petición y retorna un mensaje satisfactorio en caso de éxito de lo contrario retorna el mensaje de error."
					},
					"response": []
				}
			],
			"description": "Esta es la carpeta que contiene todas las peticiones relacionadas con la entidad Authors."
		},
		{
			"name": "Editorials",
			"item": [
				{
					"name": "Listar",
					"request": {
						"method": "GET",
						"header": [],
						"url": {
							"raw": "http://localhost:5113/api/editorials",
							"protocol": "http",
							"host": [
								"localhost"
							],
							"port": "5113",
							"path": [
								"api",
								"editorials"
							]
						},
						"description": "Esta petición lista o trae todas las editoriales de la base de datos."
					},
					"response": []
				},
				{
					"name": "Listar por Id",
					"request": {
						"method": "GET",
						"header": [],
						"url": {
							"raw": "http://localhost:5113/api/editorials/1",
							"protocol": "http",
							"host": [
								"localhost"
							],
							"port": "5113",
							"path": [
								"api",
								"editorials",
								"1"
							]
						},
						"description": "Esta petición trae la editorial especificada por id solo trae un resultado del id al cual hace referencia,"
					},
					"response": []
				},
				{
					"name": "Crear",
					"request": {
						"method": "POST",
						"header": [],
						"body": {
							"mode": "raw",
							"raw": "{\r\n    \"name\": \"Nsbxasux\",\r\n    \"address\": \"csaxasxasx\",\r\n    \"phone\": \"123456789\",\r\n    \"email\": \"norma@gmail.com\"\r\n}",
							"options": {
								"raw": {
									"language": "json"
								}
							}
						},
						"url": {
							"raw": "http://localhost:5113/api/editorials/create",
							"protocol": "http",
							"host": [
								"localhost"
							],
							"port": "5113",
							"path": [
								"api",
								"editorials",
								"create"
							]
						},
						"description": "Esta petición crea una nueva editorial en la base de datos y retorna un mensaje satisfactorio en caso de éxito en la petición de lo contrario retorna el mensaje de error."
					},
					"response": []
				},
				{
					"name": "Eliminar",
					"request": {
						"method": "DELETE",
						"header": [],
						"url": {
							"raw": "http://localhost:5113/api/editorials/4/delete",
							"protocol": "http",
							"host": [
								"localhost"
							],
							"port": "5113",
							"path": [
								"api",
								"editorials",
								"4",
								"delete"
							]
						},
						"description": "Esta petición cambia el estado de una editorial espicificando el Id en la ruta, cambia el estado en true o false en la base de datos y retorna un mensaje satisfactorio en caso de éxito de lo contrario retorna el mensaje de error."
					},
					"response": []
				},
				{
					"name": "New Request",
					"request": {
						"method": "PUT",
						"header": [],
						"body": {
							"mode": "raw",
							"raw": " {\r\n        \"id\": 3,\r\n        \"name\": \"Editorial Fuentes\",\r\n        \"address\": \"Calle 456\",\r\n        \"phone\": \"123456789\",\r\n        \"email\": \"norma@gmail.com\"\r\n    }",
							"options": {
								"raw": {
									"language": "json"
								}
							}
						},
						"url": {
							"raw": "http://localhost:5113/api/editorials/3/update",
							"protocol": "http",
							"host": [
								"localhost"
							],
							"port": "5113",
							"path": [
								"api",
								"editorials",
								"3",
								"update"
							]
						},
						"description": "Esta petición actualiza el registro en la base de datos pasandole el objeto en formato json por medio del cuerpo de la petición y retorna un mensaje satisfactorio en caso de éxito de lo contrario retorna el mensaje de error."
					},
					"response": []
				}
			]
		}
	]
}